model,dataset,mse,r2_score
LSTM,Test,616.2250670837238,0.885850042981084
AR,Test,591.5463595808509,0.9039873228088348
Linear,Test,3814.556649738041,0.38086712848977655
